--
-- PostgreSQL database dump
--

SET statement_timeout = 0;
SET lock_timeout = 0;
SET client_encoding = 'UTF8';
SET standard_conforming_strings = on;
SET check_function_bodies = false;
SET client_min_messages = warning;

--
-- Name: plpgsql; Type: EXTENSION; Schema: -; Owner: 
--

CREATE EXTENSION IF NOT EXISTS plpgsql WITH SCHEMA pg_catalog;


--
-- Name: EXTENSION plpgsql; Type: COMMENT; Schema: -; Owner: 
--

COMMENT ON EXTENSION plpgsql IS 'PL/pgSQL procedural language';


--
-- Name: postgis; Type: EXTENSION; Schema: -; Owner: 
--

CREATE EXTENSION IF NOT EXISTS postgis WITH SCHEMA public;


--
-- Name: EXTENSION postgis; Type: COMMENT; Schema: -; Owner: 
--

COMMENT ON EXTENSION postgis IS 'PostGIS geometry, geography, and raster spatial types and functions';


SET search_path = public, pg_catalog;

SET default_tablespace = '';

SET default_with_oids = false;

--
-- Name: disaster_coverage; Type: TABLE; Schema: public; Owner: postgres; Tablespace: 
--

CREATE TABLE disaster_coverage (
    disaster_id character varying(10) NOT NULL,
    start_time timestamp without time zone NOT NULL,
    end_time timestamp without time zone NOT NULL,
    disaster_type character varying(20),
    geom geometry(Polygon,4326)
);


ALTER TABLE disaster_coverage OWNER TO postgres;

--
-- Name: disaster_event; Type: TABLE; Schema: public; Owner: postgres; Tablespace: 
--

CREATE TABLE disaster_event (
    event_id character varying(10) NOT NULL,
    cause character varying(100) NOT NULL
);


ALTER TABLE disaster_event OWNER TO postgres;

--
-- Name: disaster_situation; Type: TABLE; Schema: public; Owner: postgres; Tablespace: 
--

CREATE TABLE disaster_situation (
    id character varying(10) NOT NULL,
    weather character varying(20),
    start_time timestamp without time zone NOT NULL,
    end_time timestamp without time zone NOT NULL
);


ALTER TABLE disaster_situation OWNER TO postgres;

--
-- Name: disaster_type; Type: TABLE; Schema: public; Owner: postgres; Tablespace: 
--

CREATE TABLE disaster_type (
    disaster_type character varying(20) NOT NULL,
    disaster_id character varying NOT NULL
);


ALTER TABLE disaster_type OWNER TO postgres;

--
-- Name: med_facility; Type: TABLE; Schema: public; Owner: postgres; Tablespace: 
--

CREATE TABLE med_facility (
    facility_id character varying(10) NOT NULL,
    facility_name character varying(30),
    address character varying(50),
    facility_type character varying(30),
    location character varying(30),
    geom geometry(Point,4326)
);


ALTER TABLE med_facility OWNER TO postgres;

--
-- Name: refuge_camp; Type: TABLE; Schema: public; Owner: postgres; Tablespace: 
--

CREATE TABLE refuge_camp (
    camp_id character varying(30) NOT NULL,
    camp_name character varying(30),
    address character varying(50),
    capacity numeric(11,0),
    building_type character varying(30),
    location character varying(10),
    geom geometry(Point,4326)
);


ALTER TABLE refuge_camp OWNER TO postgres;

--
-- Name: refugee_at; Type: TABLE; Schema: public; Owner: postgres; Tablespace: 
--

CREATE TABLE refugee_at (
    nik character varying(30) NOT NULL,
    camp_id character varying(30) NOT NULL,
    end_time timestamp without time zone,
    start_time timestamp without time zone
);


ALTER TABLE refugee_at OWNER TO postgres;

--
-- Name: treated_at; Type: TABLE; Schema: public; Owner: postgres; Tablespace: 
--

CREATE TABLE treated_at (
    nik character varying(30) NOT NULL,
    facility_id character varying(30) NOT NULL,
    start_time timestamp without time zone,
    end_time timestamp without time zone
);


ALTER TABLE treated_at OWNER TO postgres;

--
-- Name: victim; Type: TABLE; Schema: public; Owner: postgres; Tablespace: 
--

CREATE TABLE victim (
    nik character varying(30) NOT NULL,
    origin character varying(30) NOT NULL,
    victim_name character varying(50),
    address character varying(50),
    gender character(1),
    dob character varying(30),
    is_disable boolean,
    name_of_heir character varying(50)
);


ALTER TABLE victim OWNER TO postgres;

--
-- Name: victim_event; Type: TABLE; Schema: public; Owner: postgres; Tablespace: 
--

CREATE TABLE victim_event (
    nik character varying(30) NOT NULL,
    start_time timestamp without time zone NOT NULL,
    end_time timestamp without time zone NOT NULL,
    geom geometry(Point,4326)
);


ALTER TABLE victim_event OWNER TO postgres;

--
-- Name: victim_of; Type: TABLE; Schema: public; Owner: postgres; Tablespace: 
--

CREATE TABLE victim_of (
    id character varying(10) NOT NULL,
    nik character varying(30) NOT NULL
);


ALTER TABLE victim_of OWNER TO postgres;

--
-- Name: victim_phone; Type: TABLE; Schema: public; Owner: postgres; Tablespace: 
--

CREATE TABLE victim_phone (
    phone_number character varying(15) NOT NULL,
    nik character varying(30)
);


ALTER TABLE victim_phone OWNER TO postgres;

--
-- Name: victim_pregnancy; Type: TABLE; Schema: public; Owner: postgres; Tablespace: 
--

CREATE TABLE victim_pregnancy (
    nik character varying(30) NOT NULL,
    is_pregnant boolean,
    start_time timestamp without time zone NOT NULL,
    end_time timestamp without time zone
);


ALTER TABLE victim_pregnancy OWNER TO postgres;

--
-- Name: victim_status; Type: TABLE; Schema: public; Owner: postgres; Tablespace: 
--

CREATE TABLE victim_status (
    nik character varying(30) NOT NULL,
    status character varying(20),
    start_time timestamp without time zone NOT NULL,
    end_time timestamp without time zone
);


ALTER TABLE victim_status OWNER TO postgres;

--
-- Name: village; Type: TABLE; Schema: public; Owner: postgres; Tablespace: 
--

CREATE TABLE village (
    village_id character varying(10) NOT NULL,
    village_name character varying(30),
    subdistrict character varying(30),
    district character varying(30),
    province character varying(30),
    geom geometry(Polygon,4326)
);


ALTER TABLE village OWNER TO postgres;

--
-- Data for Name: disaster_coverage; Type: TABLE DATA; Schema: public; Owner: postgres
--

COPY disaster_coverage (disaster_id, start_time, end_time, disaster_type, geom) FROM stdin;
D003	2015-07-23 11:25:23	2015-07-23 15:44:21	banjir	0103000020E61000000100000005000000FFFFFFBF69D85B40CD566BE3CC1920C000000040DAD85B40DF8E7F58531E20C0FFFFFF7F6CD95B4010C9163AD81A20C00000004007D95B40149DD9175D1720C0FFFFFFBF69D85B40CD566BE3CC1920C0
D003	2015-07-23 15:44:21	2015-07-23 21:30:15	banjir	0103000020E6100000010000000500000000000000B3D65B40E9FE6990E31B20C0000000C05BD75B4004F55800261A20C0FFFFFF3F72D75B40CC2CFDC9B71F20C0000000809CD65B40F250FA02481D20C000000000B3D65B40E9FE6990E31B20C0
D003	2015-07-23 21:30:15	2015-07-24 03:11:45	banjir	0103000020E610000001000000050000000000004091D65B408D40CE7B920C20C0FFFFFFFFFED55B4011E3A921721120C0FFFFFF7F6FD65B4046D9C8F1E11320C00000004045D75B402C3783B62F1320C00000004091D65B408D40CE7B920C20C0
D003	2015-07-24 03:11:45	2015-07-24 09:30:00	banjir	0103000020E610000001000000050000000000004015DA5B40F250FA02481D20C0000000C0B2DA5B40DF8E7F58531E20C0000000C0B2DA5B40BF3D34520F1820C0000000000ADA5B406AD30B35B61720C00000004015DA5B40F250FA02481D20C0
D003	2015-07-24 09:30:00	2015-07-24 15:27:40	banjir	0103000020E61000000100000005000000FFFFFF3F7DDB5B40EC5E515D241220C000000000BEDA5B402C3783B62F1320C0000000C039DB5B40CD566BE3CC1920C00000008088DB5B406AD30B35B61720C0FFFFFF3F7DDB5B40EC5E515D241220C0
D004	2015-09-12 06:00:00	2015-09-15 06:00:00	kekeringan	0103000020E61000000100000006000000FFFFFFDF80CE5B4021FDB11F5E6620C000000040A8CE5B40DF45DD7A956320C00000008059CE5B40CC34125EF96020C0FFFFFF1F05CE5B40A7F0683C8A6220C00000006010CE5B4058E44843CD6420C0FFFFFFDF80CE5B4021FDB11F5E6620C0
D003	2015-07-24 15:13:00	2015-07-24 21:27:40	longsor	0103000020E610000001000000050000000000008096DC5B40B000DC8BB40F20C0000000803CDC5B40F4EC2AD4881320C0000000405EDC5B40149DD9175D1720C00000004012DD5B40F4EC2AD4881320C00000008096DC5B40B000DC8BB40F20C0
D004	2015-09-15 06:00:00	2015-09-18 06:00:00	kekeringan	0103000020E610000001000000050000000000008067CF5B40B19697E8256120C0000000402FCF5B40FA503A0B056620C0000000C09FCF5B40630451FBEE6720C000000040E3CF5B4058E44843CD6420C00000008067CF5B40B19697E8256120C0
D003	2015-07-25 06:00:00	2015-07-25 06:30:00	banjir	0103000020E61000000100000005000000FFFFFFBFEDDB5B407681E6012E0B20C0000000C01ADC5B400A8AE5A90D1020C000000000ADDC5B40E7EAED3EE00B20C00000000053DC5B40C7FF6C524E0620C0FFFFFFBFEDDB5B407681E6012E0B20C0
D004	2015-09-09 06:00:00	2015-09-12 06:00:00	kekeringan	0103000020E61000000100000006000000000000409ACD5B40A9A85214AB5D20C0000000A03ACD5B406EC52694C15F20C0FFFFFF7FF1CC5B40E7769B897E5D20C0000000602FCD5B405B82679BAA5920C0000000E09FCD5B4050735526D75920C0000000409ACD5B40A9A85214AB5D20C0
D004	2015-09-18 06:00:00	2015-09-21 06:00:00	kekeringan	0103000020E61000000100000005000000000000C09EDF5B40C644D58FFC8420C0FFFFFF3F69E05B40FBC31C4B348620C0000000C052E05B4037DED9CB988B20C0000000C0CBDF5B40DC7992BB3F8B20C0000000C09EDF5B40C644D58FFC8420C0
D004	2015-09-21 06:00:00	2015-09-24 06:00:00	kekeringan	0103000020E610000001000000050000000000002012DF5B40F2DE683FC47B20C000000080DFDE5B407157AC49FC8020C0000000602BE05B40663666ECA27C20C0FFFFFF7F66DF5B40F541CCADFB7820C00000002012DF5B40F2DE683FC47B20C0
D007	2016-01-05 06:00:00	2015-01-05 06:30:00	abu vulkanis	0103000020E6100000010000000600000000000080DF385C404227BC3124941FC000000000123B5C4056A1076408D01FC000000000773F5C4011B38E68B6C01FC000000080C8405C4048286A4136861FC000000080173D5C40BB3C4445236D1FC000000080DF385C404227BC3124941FC0
D007	2016-01-05 06:30:00	2015-01-05 07:00:00	abu vulkanis	0103000020E61000000100000005000000000000806E405C405DEC182BBE0820C0FFFFFFFF38415C401B903CF8AD2620C000000000E53A5C40B4F39909292A20C0000000007A3C5C40D72554E3D40A20C0000000806E405C405DEC182BBE0820C0
D007	2016-01-05 07:00:00	2015-01-05 07:30:00	abu vulkanis	0103000020E610000001000000050000000000000022495C409A9C891FC8D91FC00000000025465C407C02E377DE0320C00000008011435C407FF7F19763D81FC000000080A3475C407CADBF0D6D831FC00000000022495C409A9C891FC8D91FC0
D007	2016-01-05 07:30:00	2015-01-05 08:00:00	abu vulkanis	0103000020E61000000100000006000000000000800D565C4099BE56682DB41FC000000000CD525C405B50BBA7D1841FC0FFFFFFFFB34D5C40C926B22051711FC0FFFFFFFFB34D5C40A67C70ED6CD11FC00000000092515C40B46607EDABEE1FC0000000800D565C4099BE56682DB41FC0
D007	2016-01-05 08:00:00	2015-01-05 08:30:00	abu vulkanis	0103000020E61000000100000006000000000000003D5B5C40FD47317143DD1FC0000000C0D45D5C40EDB37F89D5E21FC0000000C03C5F5C408C186F20870B20C000000080535B5C40EAFB5C0F3B1420C000000040D2585C4042ABFEF4420520C0000000003D5B5C40FD47317143DD1FC0
D007	2016-01-05 08:30:00	2015-01-05 09:00:00	abu vulkanis	0103000020E61000000100000008000000FFFFFFFFA9665C4047D084DB51BF1FC00000000015655C40EBC4F37D0CE01FC0000000C017665C4050FA5133F50520C000000080EA695C4042ABFEF4420520C0FFFFFFBF226A5C40FFDEF3C0BEE01FC000000080ED665C4043A3F6AE68C11FC0000000007D665C40814881EB71BA1FC0FFFFFFFFA9665C4047D084DB51BF1FC0
D007	2016-01-05 09:00:00	2015-01-05 09:30:00	abu vulkanis	0103000020E61000000100000005000000000000400E775C40B66C1DC888951FC00000004087765C406970F34D84AC1FC0000000005D775C40E67E8B9636AD1FC000000000E4775C40D3E15F9776A31FC0000000400E775C40B66C1DC888951FC0
D007	2016-01-05 09:30:00	2015-01-05 10:00:00	abu vulkanis	0103000020E61000000100000005000000FFFFFFFF196F5C402BD78B76D1D21FC0FFFFFF7FA6715C4016037FB4F5DD1FC0FFFFFFBF2D6E5C400FAC1A392C0320C0000000C0986C5C40A57EF39C67E81FC0FFFFFFFF196F5C402BD78B76D1D21FC0
D007	2016-01-05 10:00:00	2015-01-05 10:30:00	abu vulkanis	0103000020E61000000100000006000000FFFFFFFF9A755C40353B33F274F11FC000000000E7745C4099BE56682DB41FC0FFFFFF7FA6715C40D3E15F9776A31FC00000008011705C401E0C58A4BFB91FC0FFFFFFFF16725C40AC25D02D91DC1FC0FFFFFFFF9A755C40353B33F274F11FC0
D007	2016-01-05 10:30:00	2015-01-05 11:00:00	abu vulkanis	0103000020E61000000100000006000000000000002D7A5C409E54E72C941420C00000008092765C4061EB73C6731920C0000000007C765C40EBF3458EFE3520C0000000005A7A5C4017B7FC836F4020C0FFFFFFFF1B7C5C407884372F602720C0000000002D7A5C409E54E72C941420C0
\.


--
-- Data for Name: disaster_event; Type: TABLE DATA; Schema: public; Owner: postgres
--

COPY disaster_event (event_id, cause) FROM stdin;
D001	bencana banjir yang sudah berlangsung selama satu bulan
D002	aktivitas gunung berapi
D003	hujan deras selama tiga hari berturut-turut
D004	musim kemarau berkepanjangan
D005	pergerakan lempeng bumi
D006	pergerakan angin di perairan tropis
D007	aktivitas gunung berapi
D008	kondisi cuaca ekstrem
D009	polusi udara yang dihasilkan pabrik
D010	kawasan tempat tinggal terlalu padat
\.


--
-- Data for Name: disaster_situation; Type: TABLE DATA; Schema: public; Owner: postgres
--

COPY disaster_situation (id, weather, start_time, end_time) FROM stdin;
D003	berawan	2015-07-23 11:25:23	2015-07-23 15:44:21
D003	hujan	2015-07-23 15:44:21	2015-07-23 21:30:15
D003	berawan	2015-07-23 21:30:15	2015-07-24 03:11:45
D003	berawan	2015-07-24 03:11:45	2015-07-24 09:30:00
D003	cerah	2015-07-24 09:30:00	2015-07-24 15:27:40
D003	cerah	2015-07-24 09:30:00	2015-07-24 21:27:40
D004	cerah	2015-09-09 06:00:00	2015-09-24 06:00:00
\.


--
-- Data for Name: disaster_type; Type: TABLE DATA; Schema: public; Owner: postgres
--

COPY disaster_type (disaster_type, disaster_id) FROM stdin;
banjir	D003
longsor	D003
kekeringan	D004
kebakaran hutan	D004
abu vulkanis	D007
\.


--
-- Data for Name: med_facility; Type: TABLE DATA; Schema: public; Owner: postgres
--

COPY med_facility (facility_id, facility_name, address, facility_type, location, geom) FROM stdin;
MF003	Klinik Pusat Kota	076 Town Hall	Klinik	V001	0101000020E61000001217DBFF9BBB5B407F1A1084D86320C0
MF009	Klinik Bersama	112 Highway Junction	Klinik	V002	0101000020E6100000132DD4F5DFB95B405A148FEE945820C0
MF007	RS Pelita	019 Center Hall	Rumah Sakit	V003	0101000020E6100000CBE1EE07D7CF5B40503DEB7D574E20C0
MF008	Puskesmas Harapan	241 Suite Resident	Puskesmas	V004	0101000020E61000008E07B6A5A9D65B4002DBDA251E1A20C0
MF006	Puskesmas Siaga	101 Riverside Way	Puskesmas	V005	0101000020E61000009CAE8273E1DB5B401BDF30344B8C20C0
MF010	Klinik Sehat Utama	223 West Resident	Klinik	V006	0101000020E610000076001F1770E05B401BDF30344B8C20C0
MF005	Puskesmas Medika	039 Uptown Area	Puskesmas	V007	0101000020E6100000C4D7327487F35B40290CE3D13A3420C0
MF004	Klinik Sehat Keluarga	141 Downtown Park	Klinik	V008	0101000020E6100000B13B383395715C40E85B51105DE41FC0
MF002	RS Pertamina	433 Midway Point	Rumah Sakit	V009	0101000020E6100000AEBE15E402775C40AB517A6CECA61FC0
MF001	RS Kedasih	136 Miller Hill	Rumah Sakit	V010	0101000020E61000009C001EAC9A445C40B5281EDD29B11FC0
\.


--
-- Data for Name: refuge_camp; Type: TABLE DATA; Schema: public; Owner: postgres
--

COPY refuge_camp (camp_id, camp_name, address, capacity, building_type, location, geom) FROM stdin;
RC001	Posko Bencana 1	014 East View	205	balai desa	V001	0101000020E6100000C89AECFAA0BB5B407F1A1084D86320C0
RC004	Posko Bencana 4	103 East View	732	gedung serbaguna	V002	0101000020E61000004C5BB79CE6B95B405A148FEE945820C0
RC002	Posko Bencana 2	016 South River	525	sekolah	V003	0101000020E610000016FDFC52DACF5B40503DEB7D574E20C0
RC007	Posko Bencana 7	057 Uptown Tower	413	balai desa	V004	0101000020E610000018288469B3D65B4002DBDA251E1A20C0
RC003	Posko Bencana 3	018 Round Park	357	gedung serbaguna	V005	0101000020E61000008FE62384E2DB5B401BDF30344B8C20C0
RC005	Posko Bencana 5	117 Central Hall	420	balai desa	V006	0101000020E61000009567B9C76DE05B401BDF30344B8C20C0
RC010	Posko Bencana 10	133 Eastern Hall	447	gedung serbaguna	V007	0101000020E6100000D7C79E9890F35B40290CE3D13A3420C0
RC006	Posko Bencana 6	129 South Side	236	mesjid	V008	0101000020E6100000933C32B194715C40E85B51105DE41FC0
RC008	Posko Bencana 8	063 Downtown Tower	368	sekolah	V009	0101000020E6100000D146095505775C40AB517A6CECA61FC0
RC009	Posko Bencana 9	075 West Bridge	634	sekolah	V010	0101000020E6100000F1F67BBD96445C40B5281EDD29B11FC0
\.


--
-- Data for Name: refugee_at; Type: TABLE DATA; Schema: public; Owner: postgres
--

COPY refugee_at (nik, camp_id, end_time, start_time) FROM stdin;
277-76-6433	RC002	1970-01-01 00:00:00	2015-07-23 19:15:23
308-50-3156	RC004	1970-01-01 00:00:00	2015-07-23 19:20:23
311-94-2907	RC010	1970-01-01 00:00:00	2015-07-23 19:30:23
326-44-1551	RC007	1970-01-01 00:00:00	2015-07-23 20:14:23
330-98-2771	RC008	1970-01-01 00:00:00	2015-07-23 20:41:23
338-33-4456	RC006	1970-01-01 00:00:00	2015-07-23 19:11:23
342-13-9892	RC001	1970-01-01 00:00:00	2015-07-23 20:31:23
353-36-2540	RC005	1970-01-01 00:00:00	2015-07-23 20:31:23
364-64-8478	RC003	1970-01-01 00:00:00	2015-07-23 19:57:23
369-09-4077	RC001	1970-01-01 00:00:00	2015-07-23 19:32:23
\.


--
-- Data for Name: spatial_ref_sys; Type: TABLE DATA; Schema: public; Owner: postgres
--

COPY spatial_ref_sys (srid, auth_name, auth_srid, srtext, proj4text) FROM stdin;
\.


--
-- Data for Name: treated_at; Type: TABLE DATA; Schema: public; Owner: postgres
--

COPY treated_at (nik, facility_id, start_time, end_time) FROM stdin;
184-52-2819	MF003	2015-07-23 19:20:23	1970-01-01 00:00:00
190-38-7798	MF009	2015-07-23 19:30:23	1970-01-01 00:00:00
253-49-6767	MF006	2015-07-23 20:14:23	1970-01-01 00:00:00
260-70-1210	MF007	2015-07-23 20:41:23	1970-01-01 00:00:00
266-56-6035	MF005	2015-07-23 19:11:23	1970-01-01 00:00:00
275-06-1311	MF005	2015-07-23 20:31:23	1970-01-01 00:00:00
111-56-8948	MF008	2015-07-23 19:15:23	1970-01-01 00:00:00
\.


--
-- Data for Name: victim; Type: TABLE DATA; Schema: public; Owner: postgres
--

COPY victim (nik, origin, victim_name, address, gender, dob, is_disable, name_of_heir) FROM stdin;
937-79-0852	V001	Adam Austin	39725 Eagan Circle	M	5/22/1983	f	Adam
287-86-2970	V001	Kenneth Diaz	1771 Carioca Parkway	M	2/10/2002	t	Kenneth
150-65-0571	V001	Harry King	392 Arapahoe Point	M	9/3/1983	t	Harry
184-52-2819	V001	Ralph Alvarez	7 Northridge Avenue	M	3/31/1985	t	Ralph
792-86-9833	V001	Craig Sullivan	885 Gale Trail	M	8/12/1989	t	Craig
946-93-9851	V001	Maria Henderson	370 Johnson Terrace	F	4/1/1999	f	Maria
953-67-7971	V001	Kathryn Franklin	59 Maywood Parkway	F	10/16/1996	t	Kathryn
926-30-7907	V001	Helen Lynch	53395 Schmedeman Park	F	10/27/2000	t	Helen
338-33-4456	V001	Shawn Willis	805 Merrick Lane	M	11/23/1980	t	Shawn
445-72-5787	V001	Jean Sanders	56 Washington Plaza	F	3/13/2003	t	Jean
964-54-5485	V002	Eugene Wood	1 Onsgard Center	M	1/15/1985	f	Eugene
500-62-8964	V002	Gregory Green	6 Banding Pass	M	2/14/1971	t	Gregory
342-13-9892	V002	Ernest Reid	97950 Welch Terrace	M	5/11/1971	t	Ernest
924-82-2457	V002	Eugene Watkins	48 Macpherson Terrace	M	4/5/1999	t	Eugene
123-85-6382	V002	Kimberly Alvarez	68 Forest Dale Center	F	10/13/1993	t	Kimberly
742-80-7662	V002	Denise Ramos	7710 Boyd Alley	F	2/15/1984	t	Denise
399-53-1115	V002	Mildred Lopez	1093 Shopko Parkway	F	11/28/1984	t	Mildred
369-09-4077	V002	Lisa Carr	2 Village Green Way	F	6/3/1969	f	Lisa
723-05-6771	V002	Kelly Mitchell	6 Arapahoe Plaza	F	5/28/1971	t	Kelly
275-06-1311	V002	Sharon Crawford	32 Sutteridge Terrace	F	5/27/1992	t	Sharon
330-98-2771	V003	Theresa Shaw	6957 Loeprich Crossing	F	11/5/1999	t	Theresa
410-14-4728	V003	Jason James	049 Bayside Park	M	11/18/2002	f	Jason
552-34-0160	V003	Jessica Gilbert	701 Canary Place	F	6/28/1970	t	Jessica
532-60-1728	V003	Laura Hamilton	49 Shelley Trail	F	4/15/1981	t	Laura
540-48-1348	V003	Philip Richards	66158 Transport Plaza	M	1/6/1977	t	Philip
351-35-1926	V003	Joe Stephens	0133 Oriole Trail	M	3/6/1993	f	Joe
136-42-8020	V003	Nancy George	1742 Lake View Point	F	2/1/1974	t	Nancy
603-26-6841	V003	Timothy Bell	2 Alpine Place	M	4/27/2011	t	Timothy
457-59-7923	V003	Martin Lane	92023 Miller Street	M	6/8/1967	t	Martin
952-37-9377	V003	Keith Roberts	1 Debs Point	M	12/1/1966	t	Keith
326-44-1551	V004	Russell Fields	1749 Algoma Plaza	M	10/1/1976	f	Russell
955-40-7437	V004	Stephen George	8500 Delaware Circle	M	8/25/1983	t	Stephen
579-07-8698	V004	Betty Wallace	661 Cottonwood Alley	F	10/23/2008	t	Betty
260-70-1210	V004	Sandra Cunningham	4189 Hagan Terrace	F	11/8/1965	t	Sandra
732-01-7937	V004	George Bennett	6688 Union Drive	M	5/16/1975	f	George
434-73-9933	V004	Wanda Hill	8 Sycamore Crossing	F	7/8/1965	t	Wanda
978-63-4494	V004	Ronald White	0579 Straubel Drive	M	3/20/2008	t	Ronald
787-75-5297	V004	Brenda Gray	810 Pepper Wood Place	F	7/31/1976	t	Brenda
154-32-4772	V004	Ralph Owens	89616 Merchant Center	M	7/10/1981	f	Ralph
609-07-6225	V004	Irene Crawford	664 Forest Run Avenue	F	8/18/1986	t	Irene
195-30-0298	V005	Sean Morris	9240 Blaine Court	M	10/27/2009	f	Sean
778-26-0642	V005	Henry Jacobs	4 Declaration Parkway	M	4/5/1992	t	Henry
888-50-6062	V005	Albert Fisher	75 Oak Valley Avenue	M	3/24/2000	t	Albert
895-95-4273	V005	Chris Reid	7 Ryan Trail	M	5/25/1981	t	Chris
925-90-7601	V005	Angela Burke	17 Toban Circle	F	8/19/1969	f	Angela
119-75-1529	V005	Donna Collins	257 Anderson Alley	F	1/28/1981	t	Donna
308-50-3156	V005	Christine Ramirez	31734 Grover Pass	F	1/12/1994	t	Christine
907-16-0577	V005	Keith Taylor	7 Katie Place	M	3/28/2009	t	Keith
568-16-4103	V005	Gloria Wagner	86 Weeping Birch Plaza	F	6/21/1997	t	Gloria
253-49-6767	V005	Ronald Carr	2802 Southridge Park	M	1/25/1974	t	Ronald
149-08-2996	V006	Benjamin Lawrence	96 Melvin Way	M	3/21/2011	t	Benjamin
652-56-6572	V006	Evelyn Armstrong	258 Washington Way	F	5/3/1979	f	Evelyn
672-32-3185	V006	Michelle Castillo	8 Bunting Lane	F	5/31/1977	t	Michelle
625-09-9062	V006	Bobby Fowler	3824 Dunning Circle	M	1/31/1987	t	Bobby
649-71-5238	V006	Gerald Miller	4486 Elmside Park	M	4/8/1971	t	Gerald
266-56-6035	V006	Scott Clark	661 American Drive	M	4/26/2011	t	Scott
688-59-3975	V006	Brian Fowler	695 Maywood Parkway	M	8/2/1988	f	Brian
387-71-3711	V006	Lori Green	55539 Main Crossing	F	6/19/1995	t	Lori
139-17-3884	V006	Ralph Grant	320 Heffernan Hill	M	12/31/1985	t	Ralph
775-97-0715	V006	Dorothy Gomez	04957 Mcbride Trail	F	9/8/1980	f	Dorothy
353-36-2540	V007	Juan Hanson	46165 Dryden Road	M	2/18/1998	t	Juan
807-97-7062	V007	Terry Wheeler	20 Vermont Street	M	10/26/1983	t	Terry
534-40-3286	V007	Lillian Bailey	258 Clove Center	F	8/26/2006	t	Lillian
180-07-6345	V007	Marilyn Jackson	56 Westridge Parkway	F	10/9/1995	t	Marilyn
829-67-8531	V007	Diane Jackson	2 Nevada Way	F	9/5/1993	t	Diane
149-77-2772	V007	Russell Berry	26638 Debs Alley	M	9/2/1973	t	Russell
547-75-1315	V007	Scott Morrison	18 Carioca Avenue	M	8/6/1966	t	Scott
620-91-5939	V007	Gary Mitchell	949 Fisk Alley	M	7/4/1984	f	Gary
669-37-8171	V007	Lois Hudson	335 Dryden Park	F	8/29/2003	t	Lois
850-28-2519	V007	Clarence Snyder	89 Briar Crest Lane	M	9/17/1971	t	Clarence
364-64-8478	V008	Doris Arnold	03278 Arkansas Park	F	6/5/2002	t	Doris
650-98-5438	V008	Joseph Foster	437 New Castle Street	M	1/1/2009	t	Joseph
573-20-6152	V008	Kathryn Morales	2 Brown Court	F	6/6/1987	f	Kathryn
190-38-7798	V008	Billy Cook	756 Fairfield Lane	M	4/21/2003	t	Billy
761-82-4026	V008	John Nelson	84 Northport Road	M	11/18/2005	t	John
371-13-1667	V008	Joe Harrison	9 Bonner Road	M	10/3/1970	t	Joe
787-13-5703	V008	Jessica Johnston	99 Prairie Rose Street	F	2/13/1966	t	Jessica
696-41-7867	V008	Joe Nelson	5283 Brentwood Trail	M	1/25/1972	t	Joe
434-45-6056	V008	Karen Willis	4 Blue Bill Park Drive	F	2/6/1974	t	Karen
277-76-6433	V008	Diane Ramos	9964 Troy Lane	F	12/17/1972	f	Diane
411-13-2385	V008	Michelle Clark	39 Oakridge Junction	F	11/6/2000	t	Michelle
139-67-4382	V009	Richard Harvey	11 Coolidge Plaza	M	7/15/1994	t	Richard
935-66-2270	V009	Nicholas Olson	27 Iowa Way	M	7/25/1987	t	Nicholas
507-46-5621	V009	Dorothy Fox	19 Atwood Drive	F	2/9/1970	t	Dorothy
819-38-9332	V009	Fred Moore	3784 Comanche Trail	M	6/23/1992	t	Fred
628-80-1593	V009	Ronald Parker	6787 5th Trail	M	7/28/1979	f	Ronald
426-53-6422	V009	Irene Ramirez	93 Evergreen Street	F	9/20/1995	t	Irene
677-87-1422	V009	Rose Simpson	3 Fulton Pass	F	5/21/1984	t	Rose
981-84-1652	V009	Joyce Simmons	4237 Randy Road	F	11/18/1977	t	Joyce
858-63-8576	V009	Charles Powell	758 Jenifer Way	M	11/1/1973	t	Charles
744-28-7213	V009	Eric Russell	385 Tennyson Center	M	2/22/1997	t	Eric
909-54-1342	V010	Joan Wright	2 Haas Drive	F	11/23/1991	f	Joan
692-03-5342	V010	Justin Hicks	49 Golf Way	M	7/6/1981	t	Justin
111-56-8948	V010	Heather Duncan	2 Westerfield Street	F	6/11/2005	t	Heather
973-73-2924	V010	David Little	298 Marcy Place	M	12/30/1997	t	David
953-60-8662	V010	Irene Payne	349 Barnett Avenue	F	4/1/1978	t	Irene
721-60-1462	V010	Amy Marshall	118 Morrow Parkway	F	7/15/1991	f	Amy
741-12-8549	V010	Robert Fuller	44756 Pierstorff Terrace	M	10/2/1993	t	Robert
311-94-2907	V010	Frank Marshall	59598 Kim Pass	M	2/14/2008	t	Frank
980-67-0038	V010	Ann Edwards	0536 Miller Hill	F	5/31/1973	f	Ann
\.


--
-- Data for Name: victim_event; Type: TABLE DATA; Schema: public; Owner: postgres
--

COPY victim_event (nik, start_time, end_time, geom) FROM stdin;
150-65-0571	2015-07-23 08:25:23	2015-07-23 09:44:21	0101000020E6100000627BD22E0B1D5C4066B75C1EE7A51FC0
149-77-2772	2015-07-23 10:25:23	2015-07-23 10:44:21	0101000020E6100000FC146CC8A4C65B403D5BCD5BF17C1FC0
154-32-4772	2015-07-23 09:25:23	2015-07-23 10:25:21	0101000020E61000006D52769F48675C40D7F466F58A161DC0
260-70-1210	2015-07-23 12:25:23	2015-07-23 12:44:21	0101000020E61000001B9A571A5D355C407B65A4FF61BA1DC0
149-08-2996	2015-07-23 18:25:23	2015-07-23 18:50:21	0101000020E610000058A42EBECDD25B40853C48709FC41CC0
139-67-4382	2015-07-23 15:25:23	2015-07-23 15:40:21	0101000020E6100000BF0A952434595C40473271CC2E871FC0
139-17-3884	2015-07-23 16:25:23	2015-07-23 16:39:21	0101000020E6100000DD8F8076ECD75B40B86F7BA3D2F71EC0
136-42-8020	2015-07-23 17:25:23	2015-07-23 17:44:21	0101000020E61000002F489FFBD7495C40D7F466F58A161EC0
123-85-6382	2015-07-23 10:25:23	2015-07-23 10:31:21	0101000020E6100000A085A9D27B0A5C40EBA2AED6052B1DC0
119-75-1529	2015-07-23 11:25:23	2015-07-23 11:47:21	0101000020E61000002F489FFBD7995B40853C48709FC41DC0
111-56-8948	2015-09-09 06:00:00	2015-09-09 06:10:00	0101000020E61000001AFCBB46E4BB5B4066D88B15F36320C0
111-56-8948	2015-09-09 06:10:00	2015-09-09 06:20:00	0101000020E6100000E7C88813B1B85B4066D88B15F36320C0
111-56-8948	2015-09-09 06:20:00	2015-09-09 06:30:00	0101000020E6100000B49555E07DB55B4066D88B15F36320C0
111-56-8948	2015-09-09 06:30:00	2015-09-09 06:40:00	0101000020E6100000806222AD4AB25B4066D88B15F36320C0
111-56-8948	2015-09-09 06:40:00	2015-09-09 06:50:00	0101000020E61000004D2FEF7917AF5B4066D88B15F36320C0
111-56-8948	2015-09-09 06:50:00	2015-09-09 07:00:00	0101000020E61000001AFCBB46E4AB5B4066D88B15F36320C0
111-56-8948	2015-09-09 07:00:00	2015-09-09 07:10:00	0101000020E61000001AFCBB46E4AB5B40CC3EF27B594A20C0
111-56-8948	2015-09-09 07:10:00	2015-09-09 07:20:00	0101000020E61000001AFCBB46E4AB5B4033A558E2BF3020C0
111-56-8948	2015-09-09 07:20:00	2015-09-09 07:30:00	0101000020E61000001AFCBB46E4AB5B40990BBF48261720C0
111-56-8948	2015-09-09 07:30:00	2015-09-09 07:40:00	0101000020E61000001AFCBB46E4AB5B40FFE34A5E19FB1FC0
136-42-8020	2015-09-09 09:00:00	2015-09-09 09:10:00	0101000020E6100000FB3EDA0772965B40CA0EB764D1EB1EC0
136-42-8020	2015-09-09 09:10:00	2015-09-09 09:20:00	0101000020E610000094E7431553905B40795698DFE5991EC0
136-42-8020	2015-09-09 09:20:00	2015-09-09 09:30:00	0101000020E61000002E720D3BA5895B40279E795AFA471EC0
136-42-8020	2015-09-09 09:30:00	2015-09-09 09:40:00	0101000020E6100000C80BA7D43E835B40832D3C5023A41DC0
136-42-8020	2015-09-09 09:40:00	2015-09-09 09:50:00	0101000020E610000062A5406ED87C5B403B4CC13B755C1DC0
136-42-8020	2015-09-09 09:50:00	2015-09-09 10:00:00	0101000020E6100000FB3EDA0772765B40279E795AFA471EC0
111-56-8948	2015-07-23 13:07:23	2015-07-23 13:34:21	0101000020E6100000FFFFFF3FF9D75B40EAFB5C0F3B1420C0
180-07-6345	2015-07-23 11:43:10	2015-09-09 12:05:00	0101000020E6100000FFFFFF3FF9D75B40EAFB5C0F3B1420C0
184-52-2819	2015-07-23 11:43:10	2015-09-09 12:05:00	0101000020E6100000FFFFFF3FF9D75B40EAFB5C0F3B1420C0
190-38-7798	2015-07-23 11:43:10	2015-09-09 12:05:00	0101000020E6100000FFFFFF3FF9D75B40EAFB5C0F3B1420C0
195-30-0298	2015-07-23 11:43:10	2015-09-09 12:05:00	0101000020E6100000FFFFFF3FF9D75B40EAFB5C0F3B1420C0
287-86-2970	2015-07-23 11:43:10	2015-09-09 12:05:00	0101000020E6100000FFFFFF3FF9D75B40EAFB5C0F3B1420C0
253-49-6767	2015-07-23 11:43:10	2015-09-09 12:05:00	0101000020E6100000FFFFFF3FF9D75B40EAFB5C0F3B1420C0
260-70-1210	2015-07-23 11:43:10	2015-09-09 12:05:00	0101000020E6100000FFFFFF3FF9D75B40EAFB5C0F3B1420C0
266-56-6035	2015-07-23 11:43:10	2015-09-09 12:05:00	0101000020E6100000FFFFFF3FF9D75B40EAFB5C0F3B1420C0
275-06-1311	2015-07-23 11:43:10	2015-09-09 12:05:00	0101000020E6100000FFFFFF3FF9D75B40EAFB5C0F3B1420C0
277-76-6433	2015-07-23 11:43:10	2015-09-09 12:05:00	0101000020E6100000FFFFFF3FF9D75B40EAFB5C0F3B1420C0
\.


--
-- Data for Name: victim_of; Type: TABLE DATA; Schema: public; Owner: postgres
--

COPY victim_of (id, nik) FROM stdin;
D003	180-07-6345
D003	184-52-2819
D003	190-38-7798
D003	195-30-0298
D003	253-49-6767
D003	260-70-1210
D003	266-56-6035
D003	275-06-1311
D003	277-76-6433
D003	287-86-2970
D003	308-50-3156
D003	311-94-2907
D003	326-44-1551
D003	330-98-2771
D003	338-33-4456
D003	342-13-9892
D003	351-35-1926
D003	369-09-4077
D003	364-64-8478
D003	353-36-2540
D004	119-75-1529
D004	123-85-6382
D004	136-42-8020
D004	139-17-3884
D003	111-56-8948
\.


--
-- Data for Name: victim_phone; Type: TABLE DATA; Schema: public; Owner: postgres
--

COPY victim_phone (phone_number, nik) FROM stdin;
(229)191-4212	723-05-6771
(392)667-2313	150-65-0571
(998)605-2683	723-05-6771
(123)328-4433	150-65-0571
(828)436-8162	150-65-0571
(129)638-5086	723-05-6771
(680)321-6368	858-63-8576
(970)912-9622	150-65-0571
(707)100-2461	723-05-6771
(975)852-9312	692-03-5342
(497)541-0334	150-65-0571
(110)677-4068	723-05-6771
(229)472-3715	150-65-0571
(867)253-5060	723-05-6771
(673)891-8614	723-05-6771
(486)308-5050	150-65-0571
(417)467-3151	721-60-1462
(511)366-8785	973-73-2924
(372)138-5674	721-60-1462
(617)915-9633	723-05-6771
(799)547-0235	721-60-1462
(707)318-3144	150-65-0571
(761)660-3878	150-65-0571
(804)957-5304	150-65-0571
(722)734-6940	677-87-1422
(987)510-6990	723-05-6771
(796)231-9777	858-63-8576
(608)697-9336	150-65-0571
(859)670-3059	723-05-6771
(236)637-4135	150-65-0571
(274)533-6148	150-65-0571
(494)765-9803	723-05-6771
(704)375-7327	980-67-0038
(691)253-3472	980-67-0038
(210)667-3398	150-65-0571
(713)960-4509	150-65-0571
(379)669-1514	723-05-6771
(655)580-8602	980-67-0038
(336)714-8567	980-67-0038
(298)301-6449	150-65-0571
(554)151-9996	973-73-2924
(627)873-8016	150-65-0571
(651)607-5536	150-65-0571
(402)200-7648	723-05-6771
(564)879-6995	150-65-0571
(607)887-7351	723-05-6771
(851)892-9579	980-67-0038
(298)753-0989	150-65-0571
(847)921-2261	150-65-0571
(466)945-0371	723-05-6771
(992)261-2446	721-60-1462
(397)256-3607	692-03-5342
(698)569-0743	150-65-0571
(160)428-3162	723-05-6771
(293)644-8772	150-65-0571
(324)231-5621	150-65-0571
(901)587-5822	150-65-0571
(993)657-7352	980-67-0038
(533)479-8092	721-60-1462
(239)507-3070	150-65-0571
(668)679-4606	980-67-0038
(788)600-4848	723-05-6771
(690)349-6494	150-65-0571
(983)272-4551	150-65-0571
(381)850-5543	723-05-6771
(702)569-9677	150-65-0571
(283)601-9032	980-67-0038
(496)734-2126	150-65-0571
\.


--
-- Data for Name: victim_pregnancy; Type: TABLE DATA; Schema: public; Owner: postgres
--

COPY victim_pregnancy (nik, is_pregnant, start_time, end_time) FROM stdin;
123-85-6382	t	2015-07-24 06:17:23	1970-01-01 00:00:00
275-06-1311	f	2015-07-23 22:07:23	1970-01-01 00:00:00
369-09-4077	f	2015-07-23 19:56:23	1970-01-01 00:00:00
399-53-1115	f	2015-07-23 13:42:23	1970-01-01 00:00:00
445-72-5787	f	2015-07-23 11:21:23	1970-01-01 00:00:00
723-05-6771	f	2015-07-23 17:33:23	1970-01-01 00:00:00
742-80-7662	f	2015-07-23 11:24:23	1970-01-01 00:00:00
926-30-7907	t	2015-07-23 07:19:23	1970-01-01 00:00:00
946-93-9851	t	2015-07-23 08:25:23	1970-01-01 00:00:00
953-67-7971	f	2015-07-23 09:10:23	1970-01-01 00:00:00
\.


--
-- Data for Name: victim_status; Type: TABLE DATA; Schema: public; Owner: postgres
--

COPY victim_status (nik, status, start_time, end_time) FROM stdin;
195-30-0298	missing	2015-07-23 08:25:23	1970-01-01 00:00:00
253-49-6767	affected	2015-07-23 08:25:23	1970-01-01 00:00:00
266-56-6035	minor injury	2015-07-23 08:25:23	1970-01-01 00:00:00
287-86-2970	missing	2015-07-23 08:25:23	1970-01-01 00:00:00
326-44-1551	affected	2015-07-23 08:25:23	1970-01-01 00:00:00
338-33-4456	affected	2015-07-23 08:25:23	1970-01-01 00:00:00
342-13-9892	affected	2015-07-23 08:25:23	1970-01-01 00:00:00
351-35-1926	missing	2015-07-23 08:25:23	1970-01-01 00:00:00
353-36-2540	affected	2015-07-23 08:25:23	1970-01-01 00:00:00
369-09-4077	affected	2015-07-23 08:25:23	1970-01-01 00:00:00
\.


--
-- Data for Name: village; Type: TABLE DATA; Schema: public; Owner: postgres
--

COPY village (village_id, village_name, subdistrict, district, province, geom) FROM stdin;
V002	Wonoanti	Tulakan	Pacitan	Jawa Timur	0103000020E610000001000000060000000000004882CE5B406EF832DC465D20C0000000C00ACE5B40E85C53F43B5F20C0000000F061CE5B40EB5A4451E36220C000000070D2CE5B407FDFB7AAB66120C000000018DFCE5B40DF46ED66735D20C00000004882CE5B406EF832DC465D20C0
V001	Sawahan	Donorojo	Pacitan	Jawa Timur	0103000020E61000000100000005000000000000C0C2BB5B40DF46ED66735D20C000000008C7BA5B40DF46ED66735D20C000000000C0BA5B40E452AEDB0F6320C000000070A9BB5B40313E73E9C16220C0000000C0C2BB5B40DF46ED66735D20C0
V003	Klepu	Donorejo	Pacitan	Jawa Timur	0103000020E61000000100000005000000000000A807BC5B40E80F10D2025320C000000070A9BB5B40DA1349CBE15520C000000098F9BB5B4004F90EE8D65720C00000002878BC5B40B465DB10F85520C0000000A807BC5B40E80F10D2025320C0
V005	Kunti	Bungkal	Ponorogo	Jawa Timur	0103000020E610000001000000050000000000003015DB5B40EABE274D230D20C0FFFFFFA7D8DB5B4032155413500E20C000000040D7DB5B40D7CC2E39F81320C0000000F009DB5B404AC6AE86C01320C00000003015DB5B40EABE274D230D20C0
V006	Watuagung	Dongko	Trenggalek	Jawa Timur	0103000020E6100000010000000500000000000040C3E05B40FB3503F6288320C000000060FEDF5B406E01F65B8D8620C0000000E0C8E05B40D3919E94298D20C000000000C6E15B40529376256C8920C000000040C3E05B40FB3503F6288320C0
V004	Wates	Slahung	Ponorogo	Jawa Timur	0103000020E610000001000000050000000000002037D85B40B14D5FD3CA0F20C000000080C9D65B402A466680501020C0000000F0FED65B40F230C0ED9F1720C0FFFFFF0FB0D85B400E58A5CCB51520C00000002037D85B40B14D5FD3CA0F20C0
V007	Kamulan	Durenan	Trenggalek	Jawa Timur	0103000020E61000000100000006000000000000F0D2F35B40254BB8298E2F20C000000060FAF25B40DD501817B03220C00000003084F35B40F857F80EBC3720C0FFFFFFFF67F45B40C1CE24828F3720C0FFFFFFFF67F45B405A48BD5E403020C0000000F0D2F35B40254BB8298E2F20C0
V008	Wonosari	Grujugan	Bondowoso	Jawa Timur	0103000020E61000000100000005000000000000F46E715C403DA9EE1500DB1FC0FFFFFF9B7B715C40F56475A77BDF1FC0000000C8E5715C4043747CF243DF1FC0000000CCD2715C40687A4ED24DDA1FC0000000F46E715C403DA9EE1500DB1FC0
V009	Tenggarang	Tenggarang	Bondowoso	Jawa Timur	0103000020E61000000100000006000000000000CC18775C40B0CF9C281DA21FC00000005EF0765C401E7A2DBB70A21FC0000000DED9765C40F9CD4505BFA31FC0000000CEF8765C402520C805A9A41FC00000008E1A775C408DA184BC6BA41FC0000000CC18775C40B0CF9C281DA21FC0
V010	Kedasih	Sukapura	Probolinggo	Jawa Timur	0103000020E61000000100000006000000FFFFFF07A5455C40C0E0F04CBCAD1FC0000000D820455C4006D489917AB11FC0000000E027455C40B176D43750B91FC0FFFFFF2794455C40960BB489BEB51FC0000000C8F3455C40027A5CB79BB01FC0FFFFFF07A5455C40C0E0F04CBCAD1FC0
\.


--
-- Name: camp_id; Type: CONSTRAINT; Schema: public; Owner: postgres; Tablespace: 
--

ALTER TABLE ONLY refuge_camp
    ADD CONSTRAINT camp_id PRIMARY KEY (camp_id);


--
-- Name: disaster_coverage_pkey; Type: CONSTRAINT; Schema: public; Owner: postgres; Tablespace: 
--

ALTER TABLE ONLY disaster_coverage
    ADD CONSTRAINT disaster_coverage_pkey PRIMARY KEY (disaster_id, start_time, end_time);


--
-- Name: disaster_event_pkey; Type: CONSTRAINT; Schema: public; Owner: postgres; Tablespace: 
--

ALTER TABLE ONLY disaster_event
    ADD CONSTRAINT disaster_event_pkey PRIMARY KEY (event_id);


--
-- Name: disaster_situation_pkey; Type: CONSTRAINT; Schema: public; Owner: postgres; Tablespace: 
--

ALTER TABLE ONLY disaster_situation
    ADD CONSTRAINT disaster_situation_pkey PRIMARY KEY (id, start_time, end_time);


--
-- Name: disaster_type_pkey; Type: CONSTRAINT; Schema: public; Owner: postgres; Tablespace: 
--

ALTER TABLE ONLY disaster_type
    ADD CONSTRAINT disaster_type_pkey PRIMARY KEY (disaster_type, disaster_id);


--
-- Name: facility_id; Type: CONSTRAINT; Schema: public; Owner: postgres; Tablespace: 
--

ALTER TABLE ONLY med_facility
    ADD CONSTRAINT facility_id PRIMARY KEY (facility_id);


--
-- Name: id; Type: CONSTRAINT; Schema: public; Owner: postgres; Tablespace: 
--

ALTER TABLE ONLY village
    ADD CONSTRAINT id PRIMARY KEY (village_id);


--
-- Name: nik; Type: CONSTRAINT; Schema: public; Owner: postgres; Tablespace: 
--

ALTER TABLE ONLY victim
    ADD CONSTRAINT nik PRIMARY KEY (nik);


--
-- Name: patient_state; Type: CONSTRAINT; Schema: public; Owner: postgres; Tablespace: 
--

ALTER TABLE ONLY treated_at
    ADD CONSTRAINT patient_state PRIMARY KEY (nik, facility_id);


--
-- Name: phone; Type: CONSTRAINT; Schema: public; Owner: postgres; Tablespace: 
--

ALTER TABLE ONLY victim_phone
    ADD CONSTRAINT phone PRIMARY KEY (phone_number);


--
-- Name: refugee_state; Type: CONSTRAINT; Schema: public; Owner: postgres; Tablespace: 
--

ALTER TABLE ONLY refugee_at
    ADD CONSTRAINT refugee_state PRIMARY KEY (nik, camp_id);


--
-- Name: victim_of_pkey; Type: CONSTRAINT; Schema: public; Owner: postgres; Tablespace: 
--

ALTER TABLE ONLY victim_of
    ADD CONSTRAINT victim_of_pkey PRIMARY KEY (id, nik);


--
-- Name: victim_pos; Type: CONSTRAINT; Schema: public; Owner: postgres; Tablespace: 
--

ALTER TABLE ONLY victim_event
    ADD CONSTRAINT victim_pos PRIMARY KEY (nik, start_time, end_time);


--
-- Name: victim_pregnancy_pkey; Type: CONSTRAINT; Schema: public; Owner: postgres; Tablespace: 
--

ALTER TABLE ONLY victim_pregnancy
    ADD CONSTRAINT victim_pregnancy_pkey PRIMARY KEY (nik, start_time);


--
-- Name: victim_status_pkey; Type: CONSTRAINT; Schema: public; Owner: postgres; Tablespace: 
--

ALTER TABLE ONLY victim_status
    ADD CONSTRAINT victim_status_pkey PRIMARY KEY (nik, start_time);


--
-- Name: fki_camp_location; Type: INDEX; Schema: public; Owner: postgres; Tablespace: 
--

CREATE INDEX fki_camp_location ON refuge_camp USING btree (location);


--
-- Name: fki_dis_type; Type: INDEX; Schema: public; Owner: postgres; Tablespace: 
--

CREATE INDEX fki_dis_type ON disaster_coverage USING btree (disaster_id, disaster_type);


--
-- Name: fki_disaster_id; Type: INDEX; Schema: public; Owner: postgres; Tablespace: 
--

CREATE INDEX fki_disaster_id ON disaster_type USING btree (disaster_id);


--
-- Name: fki_disaster_type; Type: INDEX; Schema: public; Owner: postgres; Tablespace: 
--

CREATE INDEX fki_disaster_type ON disaster_event USING btree (cause);


--
-- Name: fki_fac_location; Type: INDEX; Schema: public; Owner: postgres; Tablespace: 
--

CREATE INDEX fki_fac_location ON med_facility USING btree (location);


--
-- Name: fki_owner; Type: INDEX; Schema: public; Owner: postgres; Tablespace: 
--

CREATE INDEX fki_owner ON victim_phone USING btree (nik);


--
-- Name: fki_patient_pos; Type: INDEX; Schema: public; Owner: postgres; Tablespace: 
--

CREATE INDEX fki_patient_pos ON treated_at USING btree (facility_id);


--
-- Name: fki_phone_owner; Type: INDEX; Schema: public; Owner: postgres; Tablespace: 
--

CREATE INDEX fki_phone_owner ON victim_phone USING btree (nik);


--
-- Name: fki_refugee_pos; Type: INDEX; Schema: public; Owner: postgres; Tablespace: 
--

CREATE INDEX fki_refugee_pos ON refugee_at USING btree (camp_id);


--
-- Name: fki_victim_id; Type: INDEX; Schema: public; Owner: postgres; Tablespace: 
--

CREATE INDEX fki_victim_id ON victim_of USING btree (nik);


--
-- Name: fki_victim_village; Type: INDEX; Schema: public; Owner: postgres; Tablespace: 
--

CREATE INDEX fki_victim_village ON victim USING btree (origin);


--
-- Name: camp_location; Type: FK CONSTRAINT; Schema: public; Owner: postgres
--

ALTER TABLE ONLY refuge_camp
    ADD CONSTRAINT camp_location FOREIGN KEY (location) REFERENCES village(village_id) ON UPDATE CASCADE ON DELETE CASCADE;


--
-- Name: dis_type; Type: FK CONSTRAINT; Schema: public; Owner: postgres
--

ALTER TABLE ONLY disaster_coverage
    ADD CONSTRAINT dis_type FOREIGN KEY (disaster_id, disaster_type) REFERENCES disaster_type(disaster_id, disaster_type) ON UPDATE CASCADE ON DELETE CASCADE;


--
-- Name: disaster_id; Type: FK CONSTRAINT; Schema: public; Owner: postgres
--

ALTER TABLE ONLY disaster_type
    ADD CONSTRAINT disaster_id FOREIGN KEY (disaster_id) REFERENCES disaster_event(event_id) ON UPDATE CASCADE ON DELETE CASCADE;


--
-- Name: disaster_situation_id_fkey; Type: FK CONSTRAINT; Schema: public; Owner: postgres
--

ALTER TABLE ONLY disaster_situation
    ADD CONSTRAINT disaster_situation_id_fkey FOREIGN KEY (id) REFERENCES disaster_event(event_id) ON UPDATE CASCADE ON DELETE CASCADE;


--
-- Name: event_id; Type: FK CONSTRAINT; Schema: public; Owner: postgres
--

ALTER TABLE ONLY victim_of
    ADD CONSTRAINT event_id FOREIGN KEY (id) REFERENCES disaster_event(event_id) ON UPDATE CASCADE ON DELETE CASCADE;


--
-- Name: fac_location; Type: FK CONSTRAINT; Schema: public; Owner: postgres
--

ALTER TABLE ONLY med_facility
    ADD CONSTRAINT fac_location FOREIGN KEY (location) REFERENCES village(village_id) ON UPDATE CASCADE ON DELETE CASCADE;


--
-- Name: patient_id; Type: FK CONSTRAINT; Schema: public; Owner: postgres
--

ALTER TABLE ONLY treated_at
    ADD CONSTRAINT patient_id FOREIGN KEY (nik) REFERENCES victim(nik) ON UPDATE CASCADE ON DELETE CASCADE;


--
-- Name: patient_pos; Type: FK CONSTRAINT; Schema: public; Owner: postgres
--

ALTER TABLE ONLY treated_at
    ADD CONSTRAINT patient_pos FOREIGN KEY (facility_id) REFERENCES med_facility(facility_id) ON UPDATE CASCADE ON DELETE CASCADE;


--
-- Name: phone_owner; Type: FK CONSTRAINT; Schema: public; Owner: postgres
--

ALTER TABLE ONLY victim_phone
    ADD CONSTRAINT phone_owner FOREIGN KEY (nik) REFERENCES victim(nik) ON UPDATE CASCADE ON DELETE CASCADE;


--
-- Name: refugee_id; Type: FK CONSTRAINT; Schema: public; Owner: postgres
--

ALTER TABLE ONLY refugee_at
    ADD CONSTRAINT refugee_id FOREIGN KEY (nik) REFERENCES victim(nik) ON UPDATE CASCADE ON DELETE CASCADE;


--
-- Name: refugee_pos; Type: FK CONSTRAINT; Schema: public; Owner: postgres
--

ALTER TABLE ONLY refugee_at
    ADD CONSTRAINT refugee_pos FOREIGN KEY (camp_id) REFERENCES refuge_camp(camp_id) ON UPDATE CASCADE ON DELETE CASCADE;


--
-- Name: victim_id; Type: FK CONSTRAINT; Schema: public; Owner: postgres
--

ALTER TABLE ONLY victim_status
    ADD CONSTRAINT victim_id FOREIGN KEY (nik) REFERENCES victim(nik) ON UPDATE CASCADE ON DELETE CASCADE;


--
-- Name: victim_id; Type: FK CONSTRAINT; Schema: public; Owner: postgres
--

ALTER TABLE ONLY victim_event
    ADD CONSTRAINT victim_id FOREIGN KEY (nik) REFERENCES victim(nik) ON UPDATE CASCADE ON DELETE CASCADE;


--
-- Name: victim_id; Type: FK CONSTRAINT; Schema: public; Owner: postgres
--

ALTER TABLE ONLY victim_of
    ADD CONSTRAINT victim_id FOREIGN KEY (nik) REFERENCES victim(nik) ON UPDATE CASCADE ON DELETE CASCADE;


--
-- Name: victim_id; Type: FK CONSTRAINT; Schema: public; Owner: postgres
--

ALTER TABLE ONLY victim_pregnancy
    ADD CONSTRAINT victim_id FOREIGN KEY (nik) REFERENCES victim(nik) ON UPDATE CASCADE ON DELETE CASCADE;


--
-- Name: victim_village; Type: FK CONSTRAINT; Schema: public; Owner: postgres
--

ALTER TABLE ONLY victim
    ADD CONSTRAINT victim_village FOREIGN KEY (origin) REFERENCES village(village_id) ON UPDATE CASCADE ON DELETE CASCADE;


--
-- Name: public; Type: ACL; Schema: -; Owner: postgres
--

REVOKE ALL ON SCHEMA public FROM PUBLIC;
REVOKE ALL ON SCHEMA public FROM postgres;
GRANT ALL ON SCHEMA public TO postgres;
GRANT ALL ON SCHEMA public TO PUBLIC;


--
-- PostgreSQL database dump complete
--

